{"cameraMode":{"drawMode":0,"name":"Shaded","section":"Shading Mode"},"sceneLighting":true,"audioPlay":false,"sceneViewState":{"m_AlwaysRefresh":false,"showFog":true,"showSkybox":true,"showFlares":true,"showImageEffects":true,"showParticleSystems":true,"showVisualEffectGraphs":true,"m_FxEnabled":false},"in2DMode":false,"pivot":{"x":632.6849365234375,"y":944.9752197265625,"z":-52.323028564453128},"rotation":{"x":-0.03780050575733185,"y":0.0005971830105409026,"z":-0.000022661024559056386,"w":-0.9992837309837341},"size":980.3179931640625,"orthographic":false}